id,title,price,rating
1,It's Only the Himalayas,Â£45.17,Two
2,Full Moon over Noahâs Ark: An Odyssey to Mount Ararat and Beyond,Â£49.43,Four
3,See America: A Celebration of Our National Parks & Treasured Sites,Â£48.87,Three
4,Vagabonding: An Uncommon Guide to the Art of Long-Term World Travel,Â£36.94,Two
5,Under the Tuscan Sun,Â£37.33,Three
6,A Summer In Europe,Â£44.34,Two
7,The Great Railway Bazaar,Â£30.54,One
8,A Year in Provence (Provence #1),Â£56.88,Four
9,The Road to Little Dribbling: Adventures of an American in Britain (Notes From a Small Island #2),Â£23.21,One
10,Neither Here nor There: Travels in Europe,Â£38.95,Three
11,"1,000 Places to See Before You Die",Â£26.08,Five
12,It's Only the Himalayas,Â£45.17,Two
13,Full Moon over Noahâs Ark: An Odyssey to Mount Ararat and Beyond,Â£49.43,Four
14,See America: A Celebration of Our National Parks & Treasured Sites,Â£48.87,Three
15,Vagabonding: An Uncommon Guide to the Art of Long-Term World Travel,Â£36.94,Two
16,Under the Tuscan Sun,Â£37.33,Three
17,A Summer In Europe,Â£44.34,Two
18,The Great Railway Bazaar,Â£30.54,One
19,A Year in Provence (Provence #1),Â£56.88,Four
20,The Road to Little Dribbling: Adventures of an American in Britain (Notes From a Small Island #2),Â£23.21,One
21,Neither Here nor There: Travels in Europe,Â£38.95,Three
22,"1,000 Places to See Before You Die",Â£26.08,Five
23,It's Only the Himalayas,Â£45.17,Two
24,Full Moon over Noahâs Ark: An Odyssey to Mount Ararat and Beyond,Â£49.43,Four
25,See America: A Celebration of Our National Parks & Treasured Sites,Â£48.87,Three
26,Vagabonding: An Uncommon Guide to the Art of Long-Term World Travel,Â£36.94,Two
27,Under the Tuscan Sun,Â£37.33,Three
28,A Summer In Europe,Â£44.34,Two
29,The Great Railway Bazaar,Â£30.54,One
30,A Year in Provence (Provence #1),Â£56.88,Four
31,The Road to Little Dribbling: Adventures of an American in Britain (Notes From a Small Island #2),Â£23.21,One
32,Neither Here nor There: Travels in Europe,Â£38.95,Three
33,"1,000 Places to See Before You Die",Â£26.08,Five
34,It's Only the Himalayas,Â£45.17,Two
35,Full Moon over Noahâs Ark: An Odyssey to Mount Ararat and Beyond,Â£49.43,Four
36,See America: A Celebration of Our National Parks & Treasured Sites,Â£48.87,Three
37,Vagabonding: An Uncommon Guide to the Art of Long-Term World Travel,Â£36.94,Two
38,Under the Tuscan Sun,Â£37.33,Three
39,A Summer In Europe,Â£44.34,Two
40,The Great Railway Bazaar,Â£30.54,One
41,A Year in Provence (Provence #1),Â£56.88,Four
42,The Road to Little Dribbling: Adventures of an American in Britain (Notes From a Small Island #2),Â£23.21,One
43,Neither Here nor There: Travels in Europe,Â£38.95,Three
44,"1,000 Places to See Before You Die",Â£26.08,Five
45,It's Only the Himalayas,Â£45.17,Two
46,Full Moon over Noahâs Ark: An Odyssey to Mount Ararat and Beyond,Â£49.43,Four
47,See America: A Celebration of Our National Parks & Treasured Sites,Â£48.87,Three
48,Vagabonding: An Uncommon Guide to the Art of Long-Term World Travel,Â£36.94,Two
49,Under the Tuscan Sun,Â£37.33,Three
50,A Summer In Europe,Â£44.34,Two
51,The Great Railway Bazaar,Â£30.54,One
52,A Year in Provence (Provence #1),Â£56.88,Four
53,The Road to Little Dribbling: Adventures of an American in Britain (Notes From a Small Island #2),Â£23.21,One
54,Neither Here nor There: Travels in Europe,Â£38.95,Three
55,"1,000 Places to See Before You Die",Â£26.08,Five
